,subject,sep,offset,error_mean,rt_mean
0,01,notSep,simultaneous,0.225,0.6003003064516129
1,01,notSep,delayed,0.2875,0.38115317543859656
2,01,sep,simultaneous,0.25,0.5887017333333336
3,01,sep,delayed,0.2375,0.408299524590164
0,02,notSep,simultaneous,0.15,0.5553106617647058
1,02,notSep,delayed,0.225,0.3696660806451612
2,02,sep,simultaneous,0.1625,0.5622339104477612
3,02,sep,delayed,0.2,0.352731375
0,03,notSep,simultaneous,0.2625,0.5807447966101695
1,03,notSep,delayed,0.2875,0.404379754385965
2,03,sep,simultaneous,0.375,0.57673126
3,03,sep,delayed,0.375,0.4039412
0,04,notSep,simultaneous,0.25,0.61917295
1,04,notSep,delayed,0.4,0.3802319375
2,04,sep,simultaneous,0.2625,0.5848363728813557
3,04,sep,delayed,0.35,0.5098595576923077
0,05,notSep,simultaneous,0.1375,0.5695364057971013
1,05,notSep,delayed,0.2375,0.31424078688524587
2,05,sep,simultaneous,0.2375,0.5506445737704917
3,05,sep,delayed,0.225,0.31564850000000005
